1,4.01.01,契約內□未編列品管費用，或□品管人員訂有專職及人數等規定者，未以人月量化編列，或□以百分比法編列之比率不符規定，或□未編列廠商材料設備之檢驗或系統功能運轉測試費用，或□未編列監造單位材料設備之抽驗費用，或□未規劃臨時照明及臨時給排水設施
2,4.01.02,契約內，未明定監造廠商提報監造計畫與應含之內容
3,4.01.03,工程契約□內未依「公共工程施工品質管理作業要點」（以下簡稱品管要點）規定，明定廠商提報品質計畫與應含之內容，或□二千萬元以上工程，未規定品管人員資格、人數及更換規定
4,4.01.04,□無品質督導及查驗紀錄，或□未落實，或□記載不完整
5,4.01.05,□無查核、督導或查驗之缺失追蹤改善紀錄，或□內容不確實、不完整
6,4.01.06,監造計畫□無核定紀錄，或□未確實審查
7,4.01.07,□機關委託監造，未於招標文件明訂監造單位派駐現場人員之資格及人數，並要求其依據監造計畫執行監造作業，或□未明定派駐現場人員工作重點，或□未規定監造不實致機關遭受損害之罰則，或□未規定建築師或技師於查核時到場，或□未明定其未到場之處理規定
8,4.01.08,符合「公共工程專業技師簽證規則」第五點規定之附表之各類公共工程實施範圍者，或□符合「建築物結構與設備專業工程技師簽證規則」者，契約內未規定實施監造簽證
9,4.01.09,"未依行政院公共工程委員會（以下簡稱工程會）92年7月23日工程管字第09200305600號函，於新建工程招標文件及契約書內載明： 1.應定期召開施工講習會或檢討會； 2.於工地現場陳列使用材料樣品及安裝工法展示； 3.設置有關混凝土澆置作業程序等之看板；"
10,4.01.10,□工程契約內未明定營造廠商專任工程人員應進行督察，並於查驗或查核時到場，或□未明定其未依前開規定辦理之處理規定
11,4.01.11,未將核定之委辦監造單位受訓合格之現場人員或廠商品管人員或其他工地相關人員，填報於工程會資訊網路系統備查
12,4.01.12,未將執行不力之品管人員或委辦監造單位受訓合格之現場人員予以撤換並調離工地，並填報於工程會資訊網路系統備查
13,4.01.13,□未於開工時將工程基本資料填報於工程會資訊網路系統，並於驗收完成後七日內，將結算資料填報於前開系統，或□內容不確實、不完整
14,4.01.14,發現工程缺失，未以書面通知監造單位或廠商限期改善
15,4.01.15,"鋼筋、混凝土、瀝青混凝土，以及工程會98年10月29日工程管字第09800480600號函，規定項目（水泥混凝土粗細粒料篩分析、水硬性水泥墁料抗壓強度、土壤夯實、土壤工地密度、AC壓實度、CLSM抗壓強度、鋼筋續接器、高壓混凝土地磚、普通磚）及其他適當檢驗或抽驗項目，未於契約明定由符合CNS 17025(ISO/IEC17025)規定之實驗室辦理，並出具檢驗或抽驗報告，或□前開檢驗或抽驗報告，未印有依標準法授權之實驗室認證機構之認可標誌"
16,4.01.16,查核金額以上新建、特殊或具紀念性質之工程未編列設置竣工銘牌費用
17,4.01.18,使用飛灰混凝土，未依「公共工程使用飛灰混凝土作業要點」，於工程招標文件及契約書內載明相關規定
18,4.01.19,未依工程會97年1月8日工程管字第09700011700號函，將「公共工程（公有建築物）施工階段契約約定權責分工表」納入新建工程招標文件及契約書中，或□工程契約未依營造業法第33條或電器承裝業管理規則規定設置技術士及未規定人數
19,4.01.20.00,專案管理廠商派駐現場人員（技服辦法-9）
20,4.01.20.01,有無協調及整合各工作項目界面
21,4.01.20.02,□有無審查或複核施工計畫、品質計畫、預訂進度、施工圖、器材樣品及其他送審資料，或□有無審查或複核重要分包廠商及設備製造商資歷
22,4.01.20.03,□有無督導或稽核施工品質管理工作□有無督導或稽核工地安全衛生、交通維持及環境保護
23,4.01.20.04,有無辦理施工進度之查核、分析及督導
24,4.01.21,未依行政院核定97年1月23日起實施「生態城市綠建築推動方案」之規定，□辦理新台幣5千萬元以上公有建築物，應先取得候選綠建築證書，始得申報開工
25,4.01.22,□未將維護規定納入工程契約，或□未編列維護經費
26,4.01.23,□未依工程會101年5月17日工程管字第10100180300號函，依工程規模於契約內訂定「施工查核小組品質缺失懲罰性違約金機制」罰款額度，或□契約內，未納入「施工查核小組品質缺失懲罰性違約金機制」
27,4.01.99,主辦機關／專案管理廠商其他缺失：
28,4.02.01,□未提送監造計畫，或□未依契約規定期限提送監造計畫
29,4.02.01.01,□監造計畫架構未包括品管要點規定之基本內容，或□遺漏重要項目工程
30,4.02.01.02,□未訂定監造組織架構內各人員之職掌(現場人員之職掌應包括品管要點規定基本項目)，或□未符合需求
31,4.02.01.03,□未訂定對廠商品質計畫及施工計畫之審查時限，或□未符合需求
32,4.02.01.04,□對廠商之品質計畫及施工計畫送審情形未訂定管制辦法，或□未符合需求
33,4.02.01.05,未訂定各材料/設備及施工抽查(驗)標準
34,4.02.01.06,□未訂定各材料/設備及施工之檢驗停留點，或□未符合需求
35,4.02.01.07,□工程標的含運轉類機電設備者，未依單機設備、系統運轉、整體功能試運轉等分別訂定抽驗程序及標準，或□未符合需求，或□未監督機電設備測試及試運轉
36,4.02.01.08,□未訂定品質稽核範圍或頻率，或□未符合需求
37,4.02.01.09,□未分別訂定「文件」及「紀錄」之管理作業程序，或□未符合需求
38,4.02.02,無品質計畫及施工計畫審查認可紀錄
39,4.02.03.00,監造單位及其所派駐現場人員(品管要點-11)
40,4.02.03.01,□有無落實執行監造計畫，或□有無依古蹟修復及再利用辦法第6條或聚落建築群修復及再利用辦法第11條落實執行監造計畫
41,4.02.03.02,□有無監督、查證廠商履約或□有無到場確實執行職務
42,4.02.03.03,□有無審查施工廠商之施工計畫、品質計畫、預定進度、施工圖、器材樣品及其他送審案件，或□有無審查重要分包廠商及設備製造商資格，或□有無檢驗施工品質，並於契約約定之檢驗項目會同廠商取樣送驗
43,4.02.03.04,有無抽查施工作業及抽驗材料設備
44,4.02.03.05,□發現缺失時，有無立即通知廠限期改善，並確認其改善成果，或□有無督導施工廠商執行工地安全衛生、交通維持及境保護等工作，或□是否確實
45,4.02.03.06,有無督導、審核履約進度及履約估驗計價，或□是否確實
46,4.02.03.07,有無協調及整合履約界面，或□是否確實
47,4.02.03.08,有無依契約規定填報監造報表
48,4.02.03.09,有無監督機電設備測試及試運轉，或□是否確實
49,4.02.04," （刪除）"
50,4.02.05,監造單位派駐現場人員□設置人數、資格不符規定，或□新設或異動時未提報監造單位派駐現場人員登錄表(查核金額以上工程)
51,4.02.07," （刪除）"
52,4.02.08,施工品質或材料設備不符規定，未依約要求廠商處置
53,4.02.09," （刪除）"
54,4.02.10," （刪除）"
55,4.02.11," （刪除）"
56,4.02.12," （刪除）"
57,4.02.13.00,建築師(建築師法第18條、古蹟修復及再利用辦法第10條)
58,4.02.13.01,有無監督營造業依照設計之圖說施工
59,4.02.13.02,有無遵守建築法令所規定監造人應辦事項
60,4.02.13.03,有無查核建築材料之規格及品質
61,4.02.14.00,公共工程實施設計、監造簽證者之技師(技師法子法公共工程專業技師簽證規則)結構與設備實施設計、監造簽證者之技師（建築物結構與設備專業工程技師簽證規則）
62,4.02.14.01,□有無審核品質計畫與施工計畫，或□未審查施工圖說，或□未簽認監造計畫
63,4.02.14.02,□有無辦理材料與設備檢驗、抽查、施工查驗與查核，或□未辦理設備功能運轉測試之抽驗
64,4.02.14.03,有無親自執行簽證
65,4.02.14.04,涉及現場作業者，有無親自赴現場實地查核
66,4.02.99,其他監造單位品管缺失：
67,4.03.01,□未提送施工計畫，或□未依契約規定期限提送施工計畫；或□施工計畫內容未符合需求，或□未落實執行
68,4.03.02,□未提送品質計畫，或□未依契約規定期限提送品質計畫；或□品質計畫未落實執行
69,4.03.02.01,□品質計畫架構未含品管要點規定之基本內容，或□遺漏重要項目工程
70,4.03.02.02,未訂定品管組織架構內各人員之職掌(專任工程人員及品管人員之職掌，應包括品管要點規定基本項目)
71,4.03.02.03,未訂定各分項工程施工要領，或□未符合需求
72,4.03.02.04,未訂定各分項工程品質管理標準，或□未符合需求
73,4.03.02.05,未訂定各材料/設備及施工之檢驗時機(含清楚標示監造單位訂定之檢驗停留點)，或檢驗頻率
74,4.03.02.06,工程標的含運轉類機電設備者，未依單機測試、系統運轉、整體功能試運轉等分別訂定檢驗程序及標準，或□無試運轉及測試計畫書
75,4.03.02.08,未分別訂定「材料」及「施工」之不合格品管制作業程序
76,4.03.02.09,未訂定矯正與預防措施執行時機或流程
77,4.03.02.10,未訂定內部品質稽核範圍或頻率
78,4.03.02.11,未分別訂定「文件」及「紀錄」之管理作業程序
79,4.03.03,施工日誌
80,4.03.04,品管自主檢查表
81,4.03.05,材料設備檢（試）驗
82,4.03.06,環境保護、施工安全衛生等履約事項□無缺失矯正預防措施，或□缺失未追蹤改善，或□未落實執行，或□未符合需求
83,4.03.07," （刪除）"
84,4.03.08,"新臺幣2,000萬元以上工程或契約明訂者，品管人員□新設或異動時未提報登錄表，或□設置人數不符規定，或□品管人員未專職（不得兼職其他職務）"
85,4.03.08.00,"品管人員（品管要點-6）(本項內容若未達新臺幣2,000萬元者，應依契約規定查核)"
86,4.03.08.01," （刪除）"
87,4.03.08.02,有無執行內部品質稽核，如稽核自主檢查表之檢查項目、檢查結果是否詳實記錄等
88,4.03.08.03,有無做品管統計分析、矯正與預防措施之提出及追蹤
89,4.03.08.04,有無依據契約、設計圖說、規範、相關技術法規及參考品質計畫製作綱要等，訂定品質計畫，據以推動實施
90,4.03.08.05,品質文件、紀錄管理有無妥適管制
91,4.03.09,（刪除）
92,4.03.10,不合格品之管制有無依約處置
93,4.03.11.00,專任工程人員、土木包工業負責人(品管要點-7、營造業法第35、36條)
94,4.03.11.01,有無查核施工計畫書，並於認可後簽名或蓋章
95,4.03.11.02,有無於開工、竣工報告文件及工程查報表簽名或蓋章
96,4.03.11.03,有無督察按圖施工、解決施工技術問題
97,4.03.11.04,有無於查驗工程時到場說明，並於工程查驗文件簽名或蓋章等
98,4.03.11.05,有無督導現場施工人員及品管人員，落實執行契約規範及品質計畫
99,4.03.11.06,有無填具督察紀錄表，或□有無落實記載
100,4.03.12.00,工地主任、土木包工業負責人(營造業法第32、36條)
101,4.03.12.01,有無依施工計畫書執行按圖施工
102,4.03.12.02,有無按契約規定填報施工日誌
103,4.03.12.03,有無管理工地之人員、機具及材料等
104,4.03.12.04,有無辦理工地勞工安全衛生事項之督導、公共環境與安全之維護及其他工地行政事務等
105,4.03.13.01,□未依營造業法規定，設置合格工地主任，或□未到場執行法定工作
106,4.03.13.02,未依營造業法規定，在專業工程施工期間設置符合規定之技術士。
107,4.03.13.03,□未定期召開施工講習會或檢討會，或□未於工地現場製作樣品，或□未設置有關混凝土澆置作業程序等之看板等
108,4.03.14,職業安全衛生管理人員（含職業安全管理師、職業衛生管理師、職業安全衛生管理員及營造業甲、乙、丙種職業安全衛生業務主管）未執行下列事項：
109,4.03.14.01,有無交付承攬之安全衛生管理事項
110,4.03.14.02,有無對高空工作車、車輛系營建機械、起重機等實施定期檢查、使用高空工作車、起重機、假設工程設備前之檢點、擋土支撐構築、露天開挖、施工構臺構築、建築物拆除等實施作業檢點及現場巡視
111,4.03.14.03,有無辦理安全衛生教育訓練
112,4.03.14.04,有無辦理職業災害調查處理
113,4.03.14.05,有無安全衛生經費之編列
114,4.03.14.06,有無常駐工地執行職務
115,4.03.14.07,有無辦理定期檢查、重點檢查、作業檢點及現場巡視
116,4.03.14.11,有無於工地環境或營造作業危害之辨識、評估及控制，依主要危害訂定安全衛生作業標準
117,4.03.14.12,有無對高空工作車、車輛系營建機械、起重機等機械、施工架、施工構臺、模板支撐架等設備或器具之安全管理
118,4.03.14.13,有無辦理機械、設備安全衛生之採購管理
119,4.03.14.14,有無辦理個人防護具管理
120,4.03.14.15,有無辦理緊急應變措施
121,4.03.14.16,有無虛驚事故之調查處理與統計分析
122,4.03.99,其他承攬廠商品管缺失：
123,5.01.01,混凝土澆置、搗實不合規範，有冷縫、蜂窩或孔洞產生
124,5.01.02,混凝土養護不合規範，塑性收縮造成裂縫
125,5.01.03,混凝土完成面垂直及水平度不合規範
126,5.01.04,混凝土表面殘留雜物(如鐵絲、鐵件、模板)
127,5.01.05,□施工縫及伸縮縫(含填縫材料施作)留設不當，或□施作不當，或□未設置
128,5.01.06,混凝土澆置爆模或爆管
129,5.01.07,高流動性混凝土灌漿後流動性變差，造成析離及泌漿
130,5.01.08,自充填混凝土骨材沈澱
131,5.01.99,其他混凝土施工缺失：
132,5.02.01,□主筋或箍筋未綁紮固定確實，或□箍（繫）筋、彎鉤綁紮不合規範要求
133,5.02.02,□鋼筋號數不符，或□數量不符，或□間距不符規定，或□未繪製施工大樣圖
134,5.02.03,□鋼筋搭接長度不足，或□柱筋搭接集中同一斷面
135,5.02.04,□彎鉤角度不符，或□延長度不足
136,5.02.05,□未使用間隔器、墊塊，□保護層不符規定
137,5.02.06,□預留鋼筋長度不足，或□未設置，或□間距過大
138,5.02.07,鋼筋配置過度緊密(小於25mm)，影響混凝土澆置
139,5.02.08,□開口，或□角隅未設補強筋，或□設置不合規範要求
140,5.02.09,樑柱接頭錨定彎曲位置未超過柱中心線
141,5.02.10,大小樑交接處，小樑主筋錨定之彎曲位置未深入大樑15公分，或□不符規定
142,5.02.11,□鋼筋表面浮銹嚴重影響截面積，或□有油圬或混凝土殘渣
143,5.02.12,鋼筋籠焊接不合規範
144,5.02.13,□鋼筋續接器裝設不良，或□鏽蝕嚴重
145,5.02.99,其他鋼筋施工缺失：
146,5.03.01,□模板使用過度，品質不良破損、翹曲，或□模板規格不符契約要求
147,5.03.02,□模板未整理，□未塗模板油或塗黑色劣質油
148,5.03.03,□模板不緊密，漏漿，或□固定間距之隔件設置不良
149,5.03.04,□模板支撐間距過大、歪斜、基底不穩，或□水平繫條、斜撐等設置不良，或□未設置
150,5.03.05,模板組立歪斜
151,5.03.06,未預留開口處及預埋物固定不當(如電梯按鈕、穿樑套管、水電配管)
152,5.03.07,□模板內殘留雜物(如木屑、瓶罐)未清理，或□未設清潔孔
153,5.03.99,其他模板施工缺失：
154,5.04.01,鋼板於進料後未依契約規定預塗底漆
155,5.04.02,鋼板表面劃線後，在鋼板上遺留痕跡未修補、銲接前切割斷面粗糙度或凹陷深度不符規定
156,5.04.03,抽查合格之螺栓孔邊緣仍無勻整、有破裂及凹凸之鋸齒形痕跡或孔徑、孔邊距、間距及數量不符規定
157,5.04.04,構件銲接前之組合位置或銲接方式不符規定
158,5.04.05,銲材保管方式不當，施工前未確實乾燥，銲接時被銲接面有鬆屑、碴銹、油脂等物，或銲縫兩側規定寬度範圍內防銹底漆無刮除
159,5.04.06,□抽查合格之銲道仍有缺陷，或□非破壞檢測方式不符規定
160,5.04.07,抽查合格之剪力釘錘擊彎曲試驗仍有不符規定
161,5.04.08,抽查合格之構件尺寸或組合後情形仍有不符規定
162,5.04.09,抽查合格之構件試拼裝精度仍有不符規定
163,5.04.10,抽查合格之塗裝仍有膜厚不符規定
164,5.04.11,塗裝後之構件儲存不符規定
165,5.04.51,工地接合部分之空隙不符規定
166,5.04.52,螺栓接合情形不符規定
167,5.04.53,構件安裝完成位置不符規定
168,5.04.54,構件安裝完成高程不符規定
169,5.04.55,構件銲接前之組合位置或銲接方式不符規定
170,5.04.56,銲材保管方式不當，施工前未確實乾燥，銲接時被銲接面有鬆屑、碴銹、油脂等物，或銲縫兩側規定寬度範圍內防銹底漆無刮除
171,5.04.57,抽查合格之銲道仍有缺陷或非破壞檢測方式不符規定
172,5.04.58,抽查合格之剪力釘錘擊彎曲試驗仍有不符規定
173,5.04.59,構件安裝架設完成後未補塗裝或銹蝕
174,5.04.60,抽查合格之補塗裝仍有膜厚、防火被覆或防火材料厚度不足
175,5.04.99,其他鋼構施工缺失：
176,5.06.01,回填土□未分層夯實，或□無紀錄
177,5.06.02,□回填材料或級配料不符合規範
178,5.06.03,□擋土牆回填土高度或□斷面不足
179,5.06.04,□開挖或回填土面高程或□斷面不符
180,5.06.05,回填料含有機物、木材或其他雜物
181,5.06.06,回填區內積水未處理
182,5.06.99,其他土方工程施工缺失：
183,5.07.01.01,□結構物尺寸或□材料設備之規格與設計圖不符
184,5.07.01.02,樓梯級高、級深差異過大
185,5.07.01.03,建物伸縮縫設置位置/方式與設計圖不符
186,5.07.01.04,停車場車道入口處高度不足
187,5.07.01.05,□排水設施（如污水管、排水溝、截水溝、排水管、抽水井、點井、人行道等）配置不當，或□阻塞，或□坡度不當
188,5.07.01.06,欄杆、扶手設置不合規範，焊接部份未填滿
189,5.07.01.07,有漏水現象
190,5.07.01.08,□防水層破壞，或□未設置
191,5.07.01.09,□屋頂洩水坡度不當，或□未設泛水
192,5.07.01.10,排水不良，有積水現象
193,5.07.01.11,□落水罩設置不當，或□數量不符
194,5.07.01.12,擋土牆排水管背後未設濾層
195,5.07.01.13,□擋土牆洩水孔間距與設計圖不符，或□排列不整齊，或□洩水孔阻塞
196,5.07.01.14,測量及放樣未落實
197,5.07.01.99,其他一般施工缺失：
198,5.07.02.01,□蛇籠護坡卵石粒徑過大，或□未填滿
199,5.07.02.02,蛇籠堆置方式不合規範
200,5.07.02.03,卵石堆砌不合規範
201,5.07.02.04,噴凝土厚度不均勻
202,5.07.02.05,□地錨位置間距太大
203,5.07.02.06,□地錨施加預力不足，或□過高
204,5.07.02.07,側溝排水坡度不符
205,5.07.02.08,□紐澤西護欄下之排水孔設置不合規範，或□路面排水高程設置不合規範
206,5.07.02.09,□緣石及人行道鋪設不合規範，或□未適當保護致破損或污染
207,5.07.02.12,瀝青舖面壓實度不合規範，或□未依規範分層鋪設，或□未分層噴灑黏層，或□有粒料分離現象
208,5.07.02.13,縱橫斷面坡度不符
209,5.07.02.14,機電設備接地不合規範
210,5.07.02.15,機電設備基座錨定不合規範
211,5.07.02.16,閘門與導槽密合度不合規範
212,5.07.02.17,舌閥裝置不合規範
213,5.07.02.18,交通標誌、標線或號誌裝設不合規範
214,5.07.02.19,邊坡保護(如植生、邊坡擋土設施、護坡排水等)施作不合規範
215,5.07.02.20,隧道開挖作業施工不合規範
216,5.07.02.21,隧道支撐工施工不合規範
217,5.07.02.22,隧道混凝土襯面施工不合規範
218,5.07.02.23,未實施機電設備測試及試運轉
219,5.07.02.24,未落實國土保安、復育措施
220,5.07.02.99,其他水利道路及護坡施工缺失：
221,5.07.03.01,橋梁支承基座平整度不合規範
222,5.07.03.02,橋梁伸縮縫施作不合規範
223,5.07.03.03,路面坡度洩水不合規範
224,5.07.03.04,（刪除）
225,5.07.03.05,□攔污柵欄及進水口裝設不合規範，或□間距過大
226,5.07.03.06,□欄杆、扶手設置不合規範，或□焊接部份未填滿
227,5.07.03.07,□橋梁深基礎打設樁或場鑄樁之尺寸不符，或□施作不合規範
228,5.07.03.08,□橋梁深基礎沈箱之尺寸不符，或□施工不合規範
229,5.07.03.09,橋梁預力系統施工不合規範
230,5.07.03.10,橋台與橋面版高程控制不佳，致銜接不合規範
231,5.07.03.99,其他橋梁工程施工缺失：
232,5.07.04.01,□管線材料不符，或□纜線規格不符，或□線槽材料不符，□接線端子規格不合規範，□電導線管、電纜架、導線槽配線不合規範
233,5.07.04.02,□管路排置過密不合規範，或□線槽排列不整、間距過大
234,5.07.04.03,□管路保護層不足，管路、電線施工中未防護，放樣不實，或□埋設式線槽埋設深度不足，□電導線管、電纜架、導線槽安裝不合規範
235,5.07.04.04,□管路出口未施作喇叭口，或□佈放纜線完成線頭未做防水處理
236,5.07.04.05,□管線材料未整理、堆置不當，或□雜物未清理
237,5.07.04.06,電氣室、機械室、發電機室及厠所通風不合規範
238,5.07.04.07,高低壓配電盤、分電箱、出線盒、固定架、螺絲生銹不潔，或□烤漆、鍍鋅厚度不足，電纜架陽極處理厚度不足
239,5.07.04.08,□電氣設備設置位置不當、固定不當，螺栓根數不足、露出螺牙數不足，或□垂直或水平管路固定不合規範
240,5.07.04.09,□管路穿越外牆處未施作止水措施，或□施作不合規範
241,5.07.04.10,□配線箱內之配線及端子凌亂，或□配線箱埋設不良
242,5.07.04.11,弱電線路配管未與其他管線保持安全距離
243,5.07.04.12,管路與設備之間未使用軟管連接
244,5.07.04.13,管路通過建築物之伸縮縫或分隔處，未使用金屬防水軟管連接
245,5.07.04.14,管路穿越防火區牆未以防火材料填充
246,5.07.04.15,未預埋穿樑(板)套管或設置牆面開口
247,5.07.04.16,高低壓配電盤內設備器材之規格，未符合規範
248,5.07.04.17,高低壓配電盤箱體及設備，加熱器未正常動作
249,5.07.04.18,高低壓配電盤保護電驛之設定值，未符合保護協調之要求
250,5.07.04.19,□高低壓配電盤、分電箱線路之絕緣電阻值，未符合規定，或□電線迴路兩端未標示，導線連接方式不合規範
251,5.07.04.20,高壓電力電纜未依規定施作電纜頭
252,5.07.04.21,□檢驗電源相序不正確，或□照度未量測
253,5.07.04.22,□電視出口之DB值，未符合規定，或□未量測，或□迴路兩端未標示
254,5.07.04.23,□電信出口線路，未依規定做檢測，或□迴路兩端未標示
255,5.07.04.24,高低壓配電盤、高低壓變壓器、電容盤之溫控及通風功能不正常
256,5.07.04.25,□發電機未依規定固定，或□未依規定設置避震裝置
257,5.07.04.26,□發電機油箱未依規定設置防油堤、集油坑及接地，或□透氣管未配至戶外，或□連接發電機之各種管路未使用軟管
258,5.07.04.27,高低壓配電盤、變壓器基座未預留固定螺絲座
259,5.07.04.28,□高低壓配電盤、分電箱、電氣設備防塵防水IP等級不合規範，或□電氣設備、管路施工中未防護
260,5.07.04.29,高低壓配電盤設備及配線端子未鎖緊
261,5.07.04.30,機電設備未測試及試運轉
262,5.07.04.99,其他電氣、弱電、號誌施工缺失：
263,5.07.05.01,"鋼筋混凝土澆置前及粉光前，給排水管路試壓力不足，或□時間不夠(10kg/cm2,1hr以上)"
264,5.07.05.02,□給、排、污、廢水管路漏水，或□未作高程檢測，或□未作TV檢測
265,5.07.05.03,穿樑(板)套管未依規定設置，或□設置不當
266,5.07.05.04,□給、排、污、廢水管材料不符，或□施作不合規範、洩水坡度不足，或□高程不合規範，或□水箱洩水坡度不合規範，或□水箱未設置集水坑
267,5.07.05.05,□清潔口設置不合規範或□未設置存水彎
268,5.07.05.06,"□管路進行方向改變時，未採用順水T之型式，或□未以兩個 45度彎頭銜接，或□管路銜接位置不合規範"
269,5.07.05.07,□管路吊架不穩固，或□間距超過3公尺，或□螺栓、法蘭、墊片等，未依規定設置
270,5.07.05.08,管路顏色、水流方向未標示
271,5.07.05.09,□通氣管、透氣管裝設不合規範，或□出口未裝設防蟲網
272,5.07.05.10,□管路出口、設備排水口未施以保護，易遭異物阻塞，或□排水口設置不當
273,5.07.05.11,□幫浦未依規定固定，或□未依規定設置避震裝置
274,5.07.05.12,機電設備未測試及試運轉
275,5.07.05.99,其他給排水、污水等管路施工缺失：
276,5.07.06.01,□接地測試箱施作不合規範，或□中性線匯流排、接地匯流排施作不合規範，或□避雷針、避雷器下引線不合規範
277,5.07.06.02,□設備接地施作不合規範，如接地棒設置位置、深度不適當，或接地線規格、導線顏色、位置不正確等，或□未施作止水措施
278,5.07.06.03,□避雷、電力及弱電之接地系統未各自獨立，或□接地棒間距不足，CPE極排列不合規範
279,5.07.06.04,接地電阻值高於標準值或契約規定值
280,5.07.06.05,□裸銅導線鬆開或斷股，或□焊接模不乾淨或破損，或□火藥量不足
281,5.07.06.06,□高低壓配電盤，或□分電盤，或□電氣設備，未施作接地系統
282,5.07.06.07,□接地匯流排規格不合規範，或□接地線未使用O型端子
283,5.07.06.99,其他接地工程施工缺失：
284,5.07.07.01,□焊接處防銹未處理，或□銲材保管不當
285,5.07.07.02,□穿樑(板)套管未設置，或□與水電其他管路要徑相互抵觸
286,5.07.07.03,管路及灑水頭配置不當
287,5.07.07.04,預埋消防栓箱及綜合警報器箱未保護
288,5.07.07.05,箱體生銹不潔
289,5.07.07.06,□消防探測器裝置位置不當，或□探測區域設置不當（應距回風口小於1M，距出風口1.5M以上）
290,5.07.07.07,水平或垂直管路固定架未依規定施作
291,5.07.07.08,出入口寬度或高度，或樓版(天花板)淨高不符設計或法規
292,5.07.07.09,消防送水口高度未介於0.5M～1.0M之間
293,5.07.07.10,消防滅火及逃生設備、火警受信總機設置及配線未符規定，或□未與外氣空調箱連鎖
294,5.07.07.11,警報器或廣播裝置配線及配管之材質未符要求
295,5.07.07.12,感知器之配管及安裝位置錯誤，造成結構體完成後打鑿
296,5.07.07.13,□火警自動警報設備，或□緊急廣播設備之配線未依屋內線路裝置規則等規定設置，或□導線絕緣電阻不合規範，或□揚聲器、警鈴音壓不合規範
297,5.07.07.14,手動報警機、標示燈及火警警鈴未依規定設置
298,5.07.07.15,避難器之設備不符法規之規定
299,5.07.07.16,逃生指示裝置之地點不符規定
300,5.07.07.17,□避難方向指示燈，及避難指標裝置高度不符規定，或□指示方向錯誤
301,5.07.07.18,緩降機下降空間有突出物或無法一次到達地面
302,5.07.07.19,消防設備未經中央消防主管機關認同，裝設後不得使用
303,5.07.07.20,地下室排風機或排風風管在設計時，未考量停車位高程淨空間法規規定2.1M以上，導致停車位淨空間不合規定
304,5.07.07.21,緊急排煙管道之風管設計及施工不良
305,5.07.07.22,□排煙設備設置不符規定，或□緊急排煙設備之風機與預備電源之連結不當，或□防火區劃鐵捲門配管配線未符合規範
306,5.07.07.23,消防栓配管焊接或熔接後有污粒殘留或未清除，致易發生管路銜接處漏水現象
307,5.07.07.24,配管長度不正確，致有彈起或歪斜的現象
308,5.07.07.25,泡沫、撒水頭安裝位置不當，如未避開風管機、電纜架等設施
309,5.07.07.26,泡沫撒水系統之感知撒水頭離頂版間距，超出法定尺寸
310,5.07.07.27,□加壓送水系統無加壓試水紀錄或試驗結果不符法規規定或設計要求或□時間不夠
311,5.07.07.28,泡沫滅火或自動撒水設備區域(B1F以下及11F以上)，未設計排水設施或施工不當，致排水不良
312,5.07.07.29,機電設備未測試及試運轉
313,5.07.07.99,其他消防施工缺失：
314,5.07.08.01,□空調設備外形受損，或□未安裝穩固，或□未依規定設置避震裝置
315,5.07.08.02,□空調管路未預留(含電氣、給水及排水)，或□補給水高層不足
316,5.07.08.03,保溫水管、風管包敷不合規範，或□水平垂直管路固定架未依規定施作
317,5.07.08.04,焊接處防鏽未處理
318,5.07.08.05,□未設置穿樑(板)套管，或□牆面開口
319,5.07.08.06,穿越防火牆未設置防火閘門及檢修口
320,5.07.08.07,空調箱之冷凝排水未設置存水彎
321,5.07.08.08,風管彎曲部分未使用順風片
322,5.07.08.09,風管變徑後之長寬比未符規定
323,5.07.08.10,機電設備未測試及試運轉
324,5.07.08.99,其他空調施工缺失：
325,5.07.09.01,停車設備車箱出入口未與地面平齊
326,5.07.09.02,昇降設備運轉不平穩
327,5.07.09.03,指示燈、開關及聯絡裝置不正常
328,5.07.09.04,□機房未設置通風散熱設備，或□位置不合規範
329,5.07.09.05,機房開關箱設置位置不合規範
330,5.07.09.06,門框背填混凝土未滿漿
331,5.07.09.07,機電設備未測試及試運轉
332,5.07.09.99,其他昇降設備施工缺失：
333,5.07.11.01,阻水工程施作不合規範
334,5.07.11.02,雨水集排系統施作不合規範
335,5.07.11.03,滲出水集排系統施作不合規範
336,5.07.11.04,沼氣集排系統施作不合規範
337,5.07.11.99,其他掩埋場工程施工缺失：
338,5.07.12.01,擋土工程施作不合規範
339,5.07.12.02,工作井開挖作業施作不合規範
340,5.07.12.03,主體工程(含鏡面工作與反力牆、掘進、監測與測量、出碴、回填、預鑄環片、人孔施築等作業)施作不合規範
341,5.07.12.04,混凝土襯砌施作不合規範
342,5.07.12.99,其他潛盾及推進工程施工缺失：
343,5.07.13.01,植栽工程施作不合規範
344,5.07.13.02,景觀灌溉系統或排水施作不合規範
345,5.07.13.03,（刪除）
346,5.07.13.04,照明等水電工程施作不合規範
347,5.07.13.05,木結構施作不合規範
348,5.07.13.06,造景施作不合規範
349,5.07.13.07,機電設備未測試及試運轉
350,5.07.13.99,其他景觀工程施工缺失：
351,5.07.14.01,□監測儀器安裝及施工未依工程契約規定，或□儀器安裝時機不適當，或□監測儀器無適當之保護措施及標示
352,5.07.14.02,□監測儀器裝設位置或深度不適當，或□未依現場實際地層進行研判及調整，設置地層錯誤，或□監測儀器重設而未累積先前變化量
353,5.07.14.03,□初始值監測時機延遲，未符合工程契約規定，或□監測頻率未符合工程契約規定
354,5.07.14.04,□監測資料達警戒值或行動值，現場無任何安全處置措施及應變紀錄，或□處置措施及時機不適當，或□未依需要或規定進行回饋分析
355,5.07.14.99,其他監控系統施工及監測作業缺失：
356,5.08.01,磁磚完成面□不平整，或□對縫不良，或□有剝落，或□有白華現象
357,5.08.02,□內牆或外牆或地板之材料外觀不合規範，或□施工平整度不佳
358,5.08.03,□天花板裝設施工不合規範或□接縫處理不合規範
359,5.08.04,門窗裝設□不合規範，或□無塞水路，或□台度傾斜坡度不足
360,5.08.05,"(   ) (刪除)"
361,5.08.06,□衛生設備裝設不合規範，或□有滲漏情形
362,5.08.07,木結構施作不合規範
363,5.08.08," (刪除)"
364,5.08.09," (刪除)"
365,5.09.01," (刪除)"
366,5.09.02,"（ ）暗管工程竣工後，應繪製詳細圖面，指明金屬管連接匣及其他配管之位置，俾便檢修（內規第238條）"
367,5.09.01,"(   ) (刪除)"
368,5.09.02,"(   ) (刪除)"
369,5.09.03,"(   ) (刪除)"
370,5.09.04," (刪除)"
371,5.09.06,水電、土建工作未協調，施工介面未整合(如未套圖)
372,5.09.07,水電瓦斯等管線保護不合規範
373,5.09.08,□無工程告示牌，或□內容未符合規定
374,5.09.09,工地現場機具與材料任意堆置，未妥善保護
375,5.09.99,其他工地管理缺失：
376,5.10.01.01,□無配比、粗細粒料篩分析、水泥混凝土粗細粒料比重及吸水率試驗紀錄，或□配比材料未作檢驗
377,5.10.01.02,□無氯離子含量試驗紀錄或□檢驗頻率不足，或□內容不符規定
378,5.10.01.03,□無坍度試驗紀錄，或□檢驗頻率不足，或□內容不符規定
379,5.10.01.04,□無混凝土抗壓強度試驗紀錄，或□檢驗頻率不足，或□內容不符規定
380,5.10.01.05,□就使用之飛灰混凝土，無機關審核水泥或飛灰出廠證明、飛灰混凝土配比設計報告及其相關材料檢(試)驗報告之紀錄，或□內容不符規定
381,5.10.02.01,□無抗彎及抗拉試驗紀錄，或□檢驗頻率不足
382,5.10.02.02,□無輻射污染、水淬鋼筋鑑定紀錄，或□檢驗頻率不符規定
383,5.10.02.03,□無鋼筋續接器、拉拔等試驗紀錄，或□檢驗頻率不符規定
384,5.10.03.01,無鋼材試驗紀錄或19㎜（含）以上厚度之鋼板夾層檢驗紀錄
385,5.10.03.02,□無高強度螺栓試驗紀錄，或□檢驗頻率不符規定
386,5.10.03.03,□無銲材試驗紀錄，或□檢驗頻率不符規定
387,5.10.03.04,□無剪力釘試驗紀錄，或□檢驗頻率不符規定
388,5.10.03.05,□無鋼材油漆或防火被覆檢驗紀錄，或□檢驗頻率不符規定
389,5.10.04.01,□無工地密度、夯實試驗，或□檢驗頻率不足
390,5.10.05,電氣系統(含電氣、弱電、消防電)：
391,5.10.05.01,管材、線材(樣品板)未審查，□無材料物性化性檢驗紀錄，□無線路絕緣量測紀錄
392,5.10.05.02,□高低壓配電盤及分電箱未審查、未廠測，或□無出廠測試紀錄
393,5.10.05.03,電氣設備未審查(發電機、昇降、變壓器、輸變電等重電設備)、未廠測
394,5.10.05.04,弱電設備未審查(電信、監控)、未由檢測機構檢測，□無檢測紀錄
395,5.10.06.01,管材、材料未審查(如閥類、水垂、避震、人孔踏步)
396,5.10.06.02,設備未審查(含給排水、污水泵及衛浴)、未廠測
397,5.10.06.03,□無試水試壓紀錄（含相片），或□污水管材未作外壓試驗，或□污水管材未作鋁質水泥含量檢測，或□橡膠套環未檢驗
398,5.10.06.04,□無TV檢測紀錄
399,5.10.07.01,避雷及接地設備未審查，或□特殊避雷針無內政部營建署核可文件
400,5.10.07.02,各項接地系統無接地電阻測試紀錄(含接地極、接地線施工中相片)
401,5.10.08.01,管材、線材及閥類未審查
402,5.10.08.02,設備未審查(含消防設備、排煙機、避難器具及廣播等)、未廠測
403,5.10.09.01,管材、線材及閥類未審查
404,5.10.09.02,設備未審查（含冰水主機、泵浦、空調箱、分離式冷氣等）、未廠測
405,5.10.10.01,□無瀝青配比資料，或□無平整度檢測紀錄
406,5.10.10.02,□無路面壓實度試驗(馬歇爾試驗)紀錄，或□檢驗頻率不足
407,5.10.10.03,□無瀝青材料澆置檢驗紀錄，或□檢驗頻率不足
408,5.10.10.04,□無瀝青混凝土鑽心厚度試驗，或□檢驗頻率不足
409,5.10.10.05,□無瀝青含油量檢測紀錄，或□檢驗頻率不足
410,5.10.11.01,無基礎載重試驗紀錄
411,5.10.11.02,無開挖鑽掘垂直度及深度檢測紀錄
412,5.10.11.03,無特密管澆置紀錄
413,5.10.12.01,無抗壓強度試驗紀錄
414,5.10.12.02,無混凝土管試水試壓紀錄
415,5.10.13.01,無材料審核紀錄
416,5.10.14.01,無施加預力紀錄
417,5.10.15.01,無抗壓試驗紀錄
418,5.10.15.02,無反光試驗紀錄
419,5.10.16.01,無外觀檢查、尺度及許可差量測、抗壓強度及吸水率等試驗紀錄
420,5.10.17.01,電氣設備未審查(發電機、昇降、輸變電等重電設備)
421,5.10.17.02,無機電設備功能運轉檢測紀錄（含發電機、ATS切換系統、給水泵、污排水泵、火警、廣播、排煙機、泡沫撒水消防系統、空調水管水量平衡、風管風量平衡等）
422,5.10.17.03,閘門設備資料未審查
423,5.10.19.01,□監測儀器規格未符合工程契約規定，或□監測儀器未依工程契約規定頻率及期限進行檢驗及校正，或□檢驗及校正不符規範精度要求
424,5.10.19.02,□施工或營運中監測儀器損壞未予復舊，或□未定期維護及清查
425,5.10.99,其他材料設備檢驗審查紀錄缺失：
426,5.14.01.01,於高差2公尺以上之工作場所邊緣及開口部分(如樓梯、電梯口、天井、管道間、構台、橋梁墩柱及橋面版等)，未設置符合規定之護欄、護蓋、安全網或佩掛安全帶之防墜設施或□未符合規定
427,5.14.01.02,於高差2公尺以上之處所進行作業時，未使用高空工作車，或未以架設施工架等方法設置工作臺
428,5.14.01.03,於石綿板、鐵皮板、瓦及塑膠等易踏穿材料構築之屋頂從事作業時，未規劃安全通道、未於屋架上設置防止踏穿及寬度30公分以上之踏板及於下方適當範圍裝設堅固格柵或安全網等防墜措施，未指派屋頂作業主管於作業現場指揮監督勞工作業
429,5.14.01.04,於高差超過1.5公尺以上之場所作業，未設置符合規定之安全上下設備或□未符合規定
430,5.14.01.05,高差超過2層樓或7.5公尺以上之鋼構建築，未張設安全網，且其下方未具有足夠淨空及工作面與安全網間具有障礙物
431,5.14.01.06," （本項刪除， 5.14.01.01中可規範）"
432,5.14.01.07,使用之合梯，未符合規定(堅固構造、不得損傷、腐蝕、梯腳與地面之角度在75度內、兩梯腳間有繫材扣牢、且兩梯腳間有金屬等硬質繫材扣牢，腳部有防滑絕緣腳座套、有安全之防滑梯面)
433,5.14.01.08,使用之移動梯，未符合規定(堅固構造、寬度30公分以上、採取防止滑溜或轉動之必要措施)
434,5.14.02.01,施工架未與穩定構造物妥實連接（框式施工架使用壁連座連接，間距在垂直方向9.0公尺、水平方向8.0公尺以內，以鋼筋等連接，垂直方向5.5公尺、水平方向7.5公尺以內）或□未符合規定
435,5.14.02.02,開挖深度在1.5公尺以上，未設擋土支撐（地質特殊或採取替代方法經專業人員簽認安全者，不在此限）；開挖場所有地面崩塌、土石飛落之虞時，未設擋土支撐、邊坡保護或張設防護網之設施
436,5.14.02.03,隧道、坑道作業有落磐或土石崩塌之虞，未設置支撐、岩栓或噴凝土之支持構造及未清除浮石
437,5.14.02.04,模板支撐支柱基礎之周邊易積水，導致地盤軟弱，或軟弱地盤未強化承載力（未鋪設覆工板或PC等）
438,5.14.02.05,供作模板支撐之材料，有明顯之損壞、變形或腐蝕
439,5.14.02.06,施工架、施工構台、擋土支撐、模板支撐及橋梁工程採支撐先進工法、懸臂工法等假設工程，未由專任工程人員或專人妥為設計並簽章確認強度計算書，未繪製施工圖說或未建立按圖說施作之查核機制
440,5.14.03.01,臨時用電設備之電線未防護
441,5.14.03.02,建築或工程興建之臨時用電設備，未於各該設備之連接電路上設置額定感度電流30毫安培、動作時間0.1秒以內之防止感電用漏電斷路器
442,5.14.03.03,於鋼架等有觸及高導電性接地物之虞之場所，作業時所使用之交流電焊機（不含自動式焊接者），未裝設自動電擊防止裝置
443,5.14.03.04,於架空電線或電氣機具電路之接近場所從事作業，或使用移動式起重機、高空工作車等作業時，有引起感電之虞者，未使勞工與帶電體保持規定之接近界線距離，未設置護圍或未於該電路四周裝置絕緣用防護裝備或未採取移開該電路之措施
444,5.14.03.05,從事電路之檢查、修理等活線作業時，未使勞工戴用絕緣用防護具或未使用活線作業用器具；對高壓電路未使用絕緣工作台，或使勞工之身體、其使用中之導電體接觸或接近有感電之虞之電路或帶電體
445,5.14.04,□承包商無勞安自動檢查紀錄或，或□不確實
446,5.14.05,安全衛生管理員或安衛業務主管未在工地執行職務
447,5.14.06.01,工作場所暴露之鋼筋等易發生被刺及擦傷災害者，未採取彎曲尖端、加蓋或加裝護套等防護設施
448,5.14.06.02,工作場所人員及車輛機械出入口處：(1)未設方便人員及車輛出入之拉開式大門並標示禁止無關人員擅入。(2)未設管制人員：A.管制非有適當防護具之人員，不得讓其出入。B.管制、檢查車輛機械，未具合格證，不得讓其出入。(3)未維持車輛機械進出視線淨空
449,5.14.06.03,□雇主對於進入營繕工程工作場所作業人員，未提供適當安全帽，或未使其正確戴用，或□工人未使用安全防護用具
450,5.14.06.04,勞工有酒醉或有酒醉之虞者，從事高架作業
451,5.14.06.05,在人孔、下水道、坑道、隧道、沈箱、逆打工法之地下層、筏基坑及其他自然換氣不充分之工作場所有下列情形時：未置備通風設備予以適當換氣，或未置備空氣中氧氣、硫化氫、一氧化碳濃度之測定儀器，並未隨時測定保持氧氣濃度在18％以上、硫化氫濃度在10PPM以下及一氧化碳濃度在35PPM以下
452,5.14.06.06,未依營造安全衛生設施標準第7條規定，對於營造工程之模板、施工架等材料拆除後之採取拔除或釘入凸出之鐵釘、鐵條防護措施
453,5.14.08,圍籬、外部防護網等設施不足
454,5.14.09," (刪除)"
455,5.14.10,□危險性工作場所未事先申請審查，或□未審查完成即先行動工
456,5.14.11,未於作業現場，依施工現況，設置擋土支撐、露天開挖、模板支撐、隧道挖掘、襯砌、施工架組配、鋼構組配、屋頂作業及缺氧作業等作業主管
457,5.14.12.01,於搬運機械作業或開挖作業時，未指派專人指揮，防止機械翻覆或勞工自機械後側接近作業場所、未嚴禁操作人員以外之勞工進入營建用機械之操作半徑範圍內、車輛機械未裝設倒車或旋轉警示燈及蜂鳴器，警示周遭其他工作人員
458,5.14.12.02,車輛出入、使用道路作業、鄰接道路作業或有導致交通事故之虞之工作場所，未依規定設置適當交通號誌、標示或柵欄、夜間柵欄未設有照明或反光片等設施、交通號誌、標示或柵欄等措施已設置尚不足以警告防止交通事故時，未置交通引導人員。
459,5.14.12.03,使勞工於有車輛出入或往來之工作場所作業時，未明顯設置警戒標示，未置備反光背心等防護衣，使勞工確實使用
460,5.14.13.01,工作場所有物體飛落之虞，未設置防止物體飛落設備
461,5.14.13.02,使用未經檢查合格之固定式起重機、移動式起重機(1機3證之1)
462,5.14.13.03,未僱用合格人員充任吊升荷重3公噸以上之固定式起重機、移動式起重機操作人員(1機3證之1)
463,5.14.13.04,使用起重機具從事吊掛作業人員，未使其受特殊作業安全衛生教育訓練(1機3證之1)
464,5.14.13.05,起重機具之吊鉤、吊具未有防止吊物脫落裝置
465,5.14.13.06,起重機具未有過捲預防裝置
466,5.14.13.07,起重機具運轉時，未採取防止吊掛物通過人員上方及人員進入吊掛物下方之設備或措施
467,5.14.99,其他違反職業安全衛生相關法規情事：
468,5.15.01,□無交通維持及安全管制措施基本內容，或□未落實
469,5.15.02,□交通維持及安全管制措施未依規定程序審查，或□不完整
470,5.15.03,□承包商無交通維持及安全管制措施檢查紀錄，或□不確實
471,5.15.04,施工機具、材料及棄土車輛違規佔用道路停放
472,5.15.05,工區車輛進出口影響道路交通或無交通引導人員
473,5.15.06,□車道縮減未設置前後之漸變段，或□設置長度不足
474,5.15.07,重要路口無交通引導人員協助疏導交通
475,5.15.08,工區周邊道路路面不平整
476,5.15.09,工區圍籬尺寸、型式、安全設施及設置時機等不符合規定
477,5.15.10,工區周邊行人動線安全防護措施及導引牌面不完善
478,5.15.11,工區周邊標線、標誌、號誌設置不完善
479,5.15.12," (刪除)"
480,5.15.99,其他交通維持及安全管制措施不當情事：
481,5.16.01,無訂定汛期工地防災自主檢查表，□或未落實
482,5.16.02,工區及週遭之排水設施未予清理並保持暢通
483,5.16.03,防汛缺口未確實封堵，或砂包、擋水鋼板、封水牆等臨時性防洪設施未補強
484,5.16.99,其他汛期工地防災減災措施不當情事：
485,5.05.01,施工機具或設備產生嚴重噪音，影響環境安寧
486,5.05.02,現場塵土飛揚等空氣污染處理未妥當
487,5.05.03,□放流水等水污染處理未妥當，或□施工產生廢棄污泥，影響環境
488,5.05.04,營建剩餘土石方、其他廢棄物處理未妥當
489,5.05.05,進出工區車輛未清洗，污染工地周遭附近路面
490,5.05.06,工區週遭原有樹木，□未加維護，或□任意砍伐，影響環境生態
491,5.05.07,工區門禁管制不實，閒雜人員隨意進出，導致工地環境紛亂，難以管制
492,5.05.08,工地積水未處理，影響環境衛生及安全
493,5.05.09,垃圾及廢棄物未清理，影響環境，或□未符合規定
494,5.05.10,未確實執行工區周邊街道洗掃作業
495,5.05.11,未加強工地出入口污染管制作業
496,5.05.12,未依照「營建工程空氣污染防制設施管理辦法」之規定，加強工區內污染防制措施
497,5.05.13,工地環境區劃未落實(如工作、吸煙、餐飲、休息區)
498,5.05.14,施工過程未維護工程附近生態環境，未重視動植物棲地之維護
499,5.05.99,其他環保生態保育缺失：
500,5.09.05," (刪除)"
501,5.08.08.01,混凝土完成面施工外觀平整度不佳
502,5.08.08.02,□結構體施工粗糙，或□結構體線形不協調或□不完整
503,5.08.08.03,基地內外及周邊施工圍籬，或□不整齊，或□不清潔，或□不美化引起民眾反感
504,5.08.09.02,□基地內外及周邊景觀造型與周邊環境不協調，或□施工粗糙
505,5.08.09.03,□基地內外及周邊植栽綠化與周邊環境景觀不搭調，或□施工粗糙
506,5.08.09.04,□欄杆不平順，或□未符合規定
507,5.08.09.05,□路緣石線形不平順，或□人行道鋪設不平整
508,5.08.09.06,管線鋪設或□道路舖設，路面切割線形不順，影響美觀
509,5.08.09.07,管線配置不當，影響美觀
510,5.08.09.08,配電開關匣配置不當、高低不一、四周收邊不良、生鏽不潔，影響美觀
511,5.08.09.09,□電桿號碼噴漆不明確，或□鐵件油漆不平整
512,5.08.09.10,跨軌線焊接地線配置不整齊
513,5.08.99,其他影響裝修雜項工程施工缺失：
514,5.17.01,□未使用高效率空調設備，或□未使用高效率照明燈具(如LED應用產品)，或□未使用高效率馬達，或□未使用高效率變壓器，或□未使用高效率太陽能光電及熱泵熱水系統
515,5.17.02,電源配置不當，影響使用性
516,5.17.03,防災措施不足，影響應變功能
517,5.17.04,地盤調查不確實影響施工作業
518,5.17.05,□材料使用不當，或□施工之工法選用不適，或□施工動線不良
519,5.17.06,□給水管徑不足，或□管材採用不當材質易腐蝕，或□管路配置不當，影響使用性
520,5.17.07,衛生設備通氣管配置不當，影響排放功能
521,5.17.08,燈具設備配置不當，影響照明功能
522,5.17.09,泵浦與結構體未保留適當間距，影響維護功能
523,5.17.10,鋼骨無塗防火被覆，影響耐火性能
524,5.17.11,污水人孔上下踏步，未採耐腐蝕材質，易腐蝕，影響日後使用性能
525,5.17.12,未考量營建土石方平衡及交換，造成施工進度延宕
526,5.17.13,發電機容量不足，影響供電功能
527,5.17.14,管道間空間不足，無法實施維修
528,5.17.15,設備未考量易維修性
529,5.17.16,無營造綠色環境(最小營建規模，資源最佳化；發揮創意，創造節能減碳環境；以「迴避、減輕、補償」等生態工程原則減少衝擊)
530,5.17.17,無選用綠色材料(考量需求性及最佳化配置；優先採用再生能源、節約能源、低污染、省資源、再生利用、可回收、綠建材等綠色環保產品、設備)
531,5.17.18,廣採綠色工法(因地制宜，選擇適當工法，優先採用可節省資材、能源或低耗能、減少廢棄物、施工自動化之工法及措施；拆除構材再利用，土方平衡減少外運，剩餘土石方資源化)
532,5.17.99,其他影響功能或節能減碳缺失：
533,6.01.01,施工進度管理不良
534,6.01.02,預定進度表（或網圖）未依契約規定提送或核定，或□未符合規定
535,7.01.01,規範引用不當
536,7.01.02,參數引用不妥適
537,7.01.03,應變措施規範不足
538,7.01.04,未考量地盤狀況或未確實做好初步踏勘及工址現況調查
539,7.01.05,工法選用不當
540,7.01.06,規劃設計成果造成施工動線不良
541,7.01.07,臨時支撐型式及數量不適當
542,7.01.08,安全監測項目及頻率不足
543,7.01.09,設計成果危及維護人員工作環境
544,7.02.01,施工性不佳
545,7.02.02,設計界面整合不良
546,7.02.03,變更設計次數或金額不合理
547,7.02.04,進度的配置不合理
548,7.02.05,設計未考量節能減碳等功能（如綠建築）
549,7.03.01,材料耐久性引用規範不當
550,7.03.02,維修材料取得不易
551,7.03.03,維護技術困難
552,7.03.04,契約編列數量計算與圖說核算不符
553,7.03.05,單價分析表施工項目重複編列
554,7.03.06,未依工程會95.10.30工程技字第09500420500號函，於規劃設計階段考量營建土石方平衡及交換、確認土質種類及數量、避免大挖大填、評估合法處理場所容量或大量者評估自設土資場等原則
555,7.04.01,未建構男女空間合理使用比例，如公廁男女比、親子廁所、無障礙空間設備
556,7.04.02,未考量空間安全性，如空間死角、路燈數量、公共女廁座落位置、裝設安全警鈴
557,7.04.03,未考量不同性別特殊需求，如設置哺乳室
558,7.04.04,未考量不同性別感受，建構整潔舒適環境，如吸菸非吸菸區規定
559,7.00.99," (刪除)"
560,99.99.99," (刪除)"
561,5.07.02.10,混凝土管或箱涵接頭未封固漏水
562,5.07.02.11,□路基或瀝青混凝土厚度不足，或□平整度不佳，或□未分層夯實，或□回填料不符合規定
563,5.17," (刪除)"
564,4.02.01.00," (刪除)"
565,4.03.02.00,品質計畫內容(本項內容若未達公告金額者，應依契約規定查核)
566,5.07.02.25,路面坑洞修補不確實，或□修補後未回復劃設標線
567,5.07.02.26,開口契約未依規定落實巡查頻率，或□修復區域採方正切割方式修補
568,5.07.05.13,□電氣室、發電機室、電信室上方有水管經過，或□飲用水水箱上方有排水管經過
569,5.07.10.01.07," (刪除)"
570,5.07.10.02.02," (刪除)"
571,5.07.10.02.09," (刪除)"
572,5.07.10.02.10," (刪除)"
573,5.07.10.03.02," (刪除)"
574,5.07.10.03.03," (刪除)"
575,5.07.10.03.04," (刪除)"
576,5.07.10.03.06," (刪除)"
577,5.07.10.03.12," (刪除)"
578,5.07.10.04.01," (刪除)"
579,5.07.10.04.04," (刪除)"
580,5.07.10.04.05," (刪除)"
581,5.07.10.04.06," (刪除)"
582,5.07.10.04.07," (刪除)"
583,5.07.10.04.08," (刪除)"
584,5.07.10.04.12," (刪除)"
585,5.07.10.04.13," (刪除)"
586,5.07.10.05.01," (刪除)"
587,5.07.10.05.07," (刪除)"
588,5.07.10.05.08," (刪除)"
589,5.07.10.06.04," (刪除)"
590,5.07.10.06.05," (刪除)"
591,5.07.10.06.06," (刪除)"
592,5.07.10.06.12," (刪除)"
593,5.07.10.07.01," (刪除)"
594,5.07.10.07.09," (刪除)"
595,5.07.10.08.02," (刪除)"
596,5.07.10.09.01," (刪除)"
597,5.09.11,建築物內隱蔽金屬管路應於未埋入前由承裝業之技術士會同機電監造單位派駐現場人員負責檢查，作成紀錄(屋內線路裝置規則第237條)
598,5.10.08," (刪除)"
599,5.10.09," (刪除)"
600,5.14.07,施工現場交通警告等設施不足
601,6.01.03,預定進度表（或網圖）未符合實際施工現況，或□內容太簡略，不符需求
602,6.01.04,施工中無預定及實際進度管制圖
603,6.01.05,地上物拆遷等問題導致進度落後
604,6.01.06,未協調管線單位配合施作，導致進度落後，或□未符合規定
605,6.01.07,預定工程進度表（或網圖）未依變更設計時程配合修正
606,6.01.08,進度落後趕工計畫未提送或核定，或□未符合規定
607,6.01.09,預定進度表（或網圖）未標明進度計算基準
608,6.01.11,主辦機關、監造單位或廠商之工程進度不一致
609,6.01.12,施工預定進度表（或網圖），未明確標示要徑，不易掌控要徑作業進度
610,6.01.99,其他施工進度問題：
611,7.01.99,其他規劃設計有安全性不良情事
612,7.02.06,對於土地取得之困難度未作說明
613,7.02.07,對於土地取得之經費未作分析
614,7.02.08,測量資料、地質資料、水文氣象資料、公共管線資料及其他必須資料不足
615,7.02.09,工程項目數量計算有明顯錯誤、漏項情形
616,7.02.10,變更設計執行進度延宕，致影響工程進度
617,7.02.99,其他規劃設計有施工性不良情事
618,7.03.99," 其他規劃設計有維護性不良情事"
619,7.04.99,其他公眾使用空間之規劃設計未針對性別差異於安全性、友善性或便利性作適當考量情事
620,5.07.99," (刪除)"
621,4.01.24," (刪除)"
622,4.02.01.10,未訂定材料設備送審管制總表、材料設備檢（試）驗管制總表、材料/設備品質抽驗紀錄表、各工項之施工抽查紀錄表等相關表單
623,4.03.13.04,□未依電器承裝業管理規則、自來水管承裝商管理辦法等規定，設置技術員或技工，或□未到場執行法定工作
624,5.07.01.15,□未設置止水帶，或□止水帶施作不當
625,5.09.12,氣體鋼瓶等未妥善保護
626,5.10.02.04,□無鋼筋化性試驗紀錄，或□檢驗頻率不符規定
627,5.10.08.03,□無消防設備監造紀錄，或□無測試報告
628,5.10.20.01,□全套管基樁無超音波檢測試驗紀錄，或□檢驗頻率不足
629,4.01.20.05,有無協助機關辦理施工估驗計價之審查或複核
630,4.01.20.06,有無協助機關辦理契約變更之處理及建議
631,4.01.20.07,有無協助機關辦理給排水、機電設備、管線、各種設施測試及試運轉之督導及建議
632,4.03.02.12,□未訂定材料設備送審管制總表、材料設備檢（試）驗管制總表、或各工項之自主檢查表等相關表單，或□未符合需求
633,5.09.13,未依契約規定設置臨時用電(含照明)或臨時給排水設施
634,5.14.06.07,使勞工於局限空間從事作業前，未先確認該局限空間內有無可能引起勞工缺氧、中毒、感電、塌陷、被夾、被捲及火災、爆炸等危害，並據以訂定危害防止計畫
635,5.14.06.08,使勞工於局限空間從事作業時，□未建立勞工進入許可作業，或□未對勞工之進出確認、點名登記作成紀錄
636,5.14.06.09,使勞工從事局限空間作業，當作業區域超出監視人員目視範圍時，□未使勞工佩戴安全帶及可偵測人員活動情形之裝置；或□未置備可以動力或機械輔助吊升之緊急救援設備
637,6.01.10,施工進度未依施工項目分別計算再加權統計，不符合現場實際施工進度
638,4.01.25,除業依「公共工程生態檢核注意事項」第2點確認無須辦理生態檢核之工程外，機關執行新建工程時未依前開注意事項辦理生態檢核作業並填具公共工程生態檢核自評作業。
639,4.01.26,因可歸責於機關之事由，致使估驗計價總金額占契約金額（含契約變更後）之百分比較實際執行進度有明顯偏低之情形。
640,4.01.27,廠商及分包商所僱勞工總人數達200人以上或工程採購金額達10億元以上者，未於招標文件及契約明定，得標廠商應建立職業安全衛生管理系統，實施安全衛生自主管理，並提報職業安全衛生管理計畫。
641,4.01.28,未按職業安全衛生相關法規規定，依工程規模及性質，於招標文件及契約明定廠商應辦理計畫、設施、管理及自動檢查等事項。
642,4.01.29,自110年8月1日起，契約未依「應施檢驗外裝壁磚商品之相關檢驗規定」，訂定外裝壁磚材料須符合檢驗規定（貼上商品檢驗標識）。
643,4.02.15,□未依規定訂定安全衛生監督查核事項，如：監督查核組織、監督查核計畫、查驗點、高風險作業查驗點，或□未辦理監督查核事項，□未落實執行。
644,4.02.16,□未依規定訂定空氣污染防制設施監督查核事項，或□未辦理監督查核事項，□未落實執行。
645,4.03.08.06,有無到場確實執行職務
646,4.03.12.05,有無到場確實執行職務
647,5.09.14,未依契約規定於工作場所人員及車輛機械出入口處，設置管制人員
648,5.09.15,□勞工於工地有飲酒情事，或□工地有酒精性飲料（或空瓶）
649,5.10.21.01,□未依契約約定辦理外裝壁磚商品相關檢驗，或□未貼上商品檢驗標識。
650,5.14.00.01,工區內外無安全防護措施〔如安全圍籬、圍柵、防禦物等〕□或不完備
651,5.14.00.02,工區內外無交通指引措施□或不完備
652,5.14.00.03,工區無防災應變通報機制及演練□或不完備
653,5.14.00.04,重大施工機具未有安全防護與管制□或不完備
654,5.14.00.05,工區內有異物入侵，未予排除
655,7.01.10,設計未符合工程定位及功能需求
656,7.01.11,未依工程規模及特性，分析潛在施工危險，並納入設計及其妥適性應依工程規模及特性，分析潛在施工危險
657,4.01.04.01,□無品質督導及查驗紀錄
658,4.01.04.02,□記載不完整
659,4.01.06.01,□無核定紀錄
660,4.01.06.02,□未確實審查
661,4.01.06.03,□未依變更設計檢討進版更新
662,4.01.30,未將工程會111年5月5日工程管字第1110300425號函頒「防範施工中預力I型梁吊放後翻落風險之作業指引」納入設計及施工規範，要求落實預力I型梁吊放作業。
663,4.02.01.05.01,□未訂定各材料/設備抽查標準，或□未符合需求
664,4.02.01.05.02,□未訂定施工抽驗標準，或□未符合需求
665,4.02.01.10.01,]□未訂定材料設備送審管制總表、材料設備檢（試）驗管制總表
666,4.02.01.10.02,□未訂定材料/設備品質抽驗紀錄表，或□未符合需求
667,4.02.01.10.03,□未訂定各工項之施工抽查紀錄表等相關表單，或□未符合需求
668,4.02.01.11,□未依工程會111年5月5日工程管字第1110300425號函頒「防範施工中預力I型梁吊放後翻落風險之作業指引」監督廠商落實預力I型梁吊放作業。
669,4.02.01.12,□未監督廠商落實辦理「公共工程生態檢核注意事項」之相關作業。
670,4.02.03.04.01,有無抽查施工作業及抽驗材料設備，並填具抽查(驗)紀錄表
671,4.02.03.04.02,有無製作材料設備檢（試）驗管制總表管控
672,4.02.03.04.03,有無對檢（試）驗報告判讀認可，或□有無確認檢（試）驗報告內容正確性
673,4.02.03.08.01,□有無依契約規定填報監造報表，或□有無落實記載
674,4.02.03.08.02,□有無使用規定監造報表格式
675,4.02.13.04,監造執行主持人有無依契約要求，定期到場執行業務或□是否確實
676,4.03.02.05.01,未訂定各材料/設備檢驗時機(含清楚標示監造單位訂定之檢驗停留點)，或檢驗頻率
677,4.03.02.05.02,未訂定施工之檢驗時機(含清楚標示監造單位訂定之檢驗停留點)，或檢驗頻
678,4.03.03.01,□未依規定制定格式
679,4.03.03.02,□記載不完整
680,4.03.04.01,□檢查標準未訂量化値、容許誤差值
681,4.03.04.02,□未確實記載檢查值
682,4.03.05.01,□對檢（試）驗報告未予判讀，或□檢（試）驗報告內容誤植
683,4.03.05.02,□未製作材料設備送審管制總表、材料設備檢（試）驗管制總表，或□未符合工程需求
684,5.05.15,未落實辦理「公共工程生態檢核注意事項」之相關作業。
685,5.07.01.16,建築物耐震施工不符設計圖說(如建築技術規則建築構造編/耐震設計相關規範)。
686,5.07.03.11,□未依工程會111年5月5日工程管字第1110300425號函頒「防範施工中預力I型梁吊放後翻落風險之作業指引」落實預力I型梁吊放作業
687,5.07.03.12,橋梁耐震施工不符設計圖說(如公路橋梁耐震設計規範)
688,7.01.12,建築物設計未依建築技術規則建築構造編/耐震設計相關規範設計
689,7.01.13,橋梁設計未依公路橋梁耐震設計規範設計
690,4.03.02.13,□未分別訂定修復或仿作工項之自主檢查表，或□未符合需求
691,4.03.13.00,技術士、技術員及技工(營造業法第29、33條、電器承裝業管理規則及自來水管承裝商管理辦法)
692,4.03.14.00,公告金額以上未達查核金額之標案：
693,4.03.14.10,查核金額以上之標案（除公告金額以上未達查核金額標案之查核事項外，尚包含下列事項）：
694,5.14.01.09,"屋面工程或屋架工程等搭設之施工架作業空間是否足夠、其工作平台與須修復或施作之工作面間隙或開口是否過大或無 適當之保護措施"
695,5.14.06.10.,□未遵守營造工地電氣作業安全檢查重點及注意事項，或□未採取積極作為預防施工中之火災如臨時用電過負載評估及因應措施、動火作業申請、明火加工區管制、易燃物品存放管制、吸菸區或煙蒂管制、可能火星飛散處之防範措施、夜間之保全、斷電或其他具體作為，或□未確實執行
696,5.14.14,□安全衛生設施損及修復本體或□設置不當妨礙修復作業
697,6.01.13,未採取積極作為降低變更設計對施工進度之影響，如不停工變更設計或依契約爭取先行施工
698,7.02.11,未依古蹟修復設計需求，設計保護棚架
699,7.05.01,未充分說明「必要性」判斷的原由
700,7.05.02,未提出選用材料及工法適用性之完整評估及學理依據，提供完整規範、標準(國際或國家)或本土科學性試驗報告，作為檢(試)驗之標準
701,7.05.03,未訂定完整之施工規範
702,7.05.99,"其他選用現代科技與工法未作適當考量情事[-1,-2]其他公眾使用空間之規劃設計未針對性別差異於安全性、友善性或便利性作適當考量情事"
703,7.06.00,變更設計程序，是否有依古蹟修復再利用辦法規定召開審查會或邀集專家學者現勘諮詢。
704,5.01,混凝土施工
705,5.02,鋼筋施工
706,5.03,模板施工
707,5.04,鋼構施工
708,5.04.00,鋼構廠內製作
709,5.04.50,工地現場組裝
710,5.05,環境生態保育
711,5.06,土方工程施工
712,5.07,工程施工
713,5.07.01,一般施工
714,5.07.02,水利、道路及護坡施工
715,5.07.03,橋梁工程施工
716,5.07.04,電氣、弱電、號誌施工
717,5.07.05,給排水、污水等管路施工
718,5.07.06,接地工程施工
719,5.07.07,消防施工
720,5.07.08,空調施工
721,5.07.09,昇降設備施工
722,5.07.10,(適用「傳統建築、紀念建築、聚落建築群等修復工程」缺失項目)
723,5.07.11,掩埋場工程施工
724,5.07.12,潛盾及推進工程施工
725,5.07.13,景觀工程施工
726,5.07.14,監控系統施工及監測作業
727,5.08,裝修雜項工程施工
728,5.09,工地管理(不含進度管理)
729,5.10,檢驗審查紀錄
730,5.10.01,混凝土
731,5.10.02,鋼筋
732,5.10.03,鋼構工程
733,5.10.04,土方工程
734,5.10.05,電氣系統(含電氣、弱電、消防電)：
735,5.10.06,水系統(含給排水、污水、消防水)
736,5.10.07,接地系統
737,5.10.10,瀝青混凝土及路面工程
738,5.10.11,基礎
739,5.10.12,鋼筋混凝土管(RCP)：
740,5.10.13,路燈照明設備
741,5.10.14,地錨
742,5.10.15,路面標記
743,5.10.16,高壓面磚
744,5.10.17,機電系統
745,5.10.19,監測儀器
746,5.10.20,基樁工程
747,5.10.21,外裝壁磚工程
748,5.14,工地職業安全衛生
749,5.14.01,墜落防止
750,5.14.02,倒塌、崩塌防止
751,5.14.03,感電防止
752,5.14.06,工作場所災害防止
753,5.14.12,被撞防止
754,5.14.13,物體飛落防止
755,5.14.00,工區防護特別檢查項目
756,5.15,工區交通維持及安全管制措施
757,5.16,汛期工地防災減災措施
758,6.01,施工進度管理
759,7.00,規劃設計問題
760,7.01.00,規劃設計有安全性不良情事
761,7.02.00,規劃設計有施工性不良情事
762,7.03.00,規劃設計有維護性不良情事
763,7.04.00,公眾使用空間之規劃設計未針對性別差異於安全性、友善性或便利性作適當考量
764,7.05.00,現代科技與工法之選用
765,7.05.04,未明確說明施作之專業技術人員應具備的資格或證照
766,4.01.31.01,混凝土施工缺失：【請參考缺失項目編號5.01填寫】
767,4.01.31.02,鋼筋施工缺失：【請參考缺失項目編號5.02填寫】
768,4.01.31.03,模板施工缺失：【請參考缺失項目編號5.03填寫】
769,4.01.31.04,鋼構施工缺失：【請參考缺失項目編號5.04填寫】
770,4.01.31.05,環境生態保育缺失：【請參考缺失項目編號5.05填寫】
771,4.01.31.06,土方工程施工缺失：【請參考缺失項目編號5.06填寫】：
772,4.01.31.07,工程施工缺失：【請參考缺失項目編號5.07填寫】
773,4.01.31.08,裝修雜項工程施工缺失：【請參考缺失項目編號5.08填寫】
774,4.01.31.09,工地管理(不含進度管理)缺失：【請參考缺失項目編號5.09填寫】
775,4.01.31.10,檢驗審查紀錄缺失：【請參考缺失項目編號5.10填寫】
776,4.01.31.11,工地職業安全衛生缺失：【請參考缺失項目編號5.14填寫】
777,4.01.31.12,工區交通維持及安全管制措施缺失：【請參考缺失項目編號5.15填寫】
778,4.01.31.13,汛期工地防災減災措施缺失：【請參考缺失項目編號5.16填寫】
779,4.01.31.14,功能及節能減碳缺失：【請參考缺失項目編號5.17填寫】
780,4.01.33,施工進度管理：(註:「專案管理廠商」未依技服契約要求辦理品質查證須扣點者)【請參考缺失項目編號6.01填寫】
781,4.02.18.01,準備工作：【請參考缺失項目編號5.07.10.01填寫】
782,4.02.18.02,解體清理施工：【請參考缺失項目編號5.07.10.02填寫】
783,4.02.18.03,基礎、地坪、樓板工程：【請參考缺失項目編號5.07.10.03填寫】
784,4.02.18.04,牆體及灰作工程：【請參考缺失項目編號5.07.10.04填寫】
785,4.02.18.05,大木作工程：【請參考缺失項目編號5.07.10.05填寫】
786,4.02.18.06,門窗、細木作及裝修工程：【請參考缺失項目編號5.07.10.06填寫】
787,4.02.18.07,屋頂工程：【請參考缺失項目編號5.07.10.07填寫】
788,4.02.18.08,彩繪：【請參考缺失項目編號5.07.10.08填寫】
789,4.02.18.09,剪黏、交趾陶：【請參考缺失項目編號5.07.10.09填寫】
790,4.02.18.10,漆作：【請參考缺失項目編號5.07.10.10填寫】
791,4.02.18.11,生物、微生物劣化防治工程：【請參考缺失項目編號5.07.10.11填寫】
792,4.02.18.12,文物及發現物之處理：【請參考缺失項目編號5.07.10.12填寫】
793,4.02.18.13,現代科技與工法：【請參考缺失項目編號5.10.13填寫】
794,4.02.18.14,傳統建築、紀念建築、聚落建築群等修復工程材料：【請參考缺失項目編號5.10.18填寫】
795,4.02.18.15,工地職業安全衛生：【請參考缺失項目編號5.14填寫】
796,4.02.18.16,工區交通維持及安全管制措施：【請參考缺失項目編號5.15填寫】
797,4.02.18.17,汛期工地防災減災措施：【請參考缺失項目編號5.16填寫】
798,4.02.18.18,功能及節能減碳：【請參考缺失項目編號5.17填寫】
799,4.02.19,施工進度管理：(註:「監造單位」未依技服契約要求辦理品質查證須扣點者)【請參考缺失項目編號6.01填寫
800,5.14.06.10,"□未遵守營造工地電氣作業安全檢查重點及注意事項，或□未採取積極作為預防施工中之火災如臨時用電過負載評估及因應措施、動火作業申請、明火加工區管制、易燃物品存放 管制、吸菸區或煙蒂管制、可能火星飛散處之防範措施、夜 間之保全、斷電或其他具體作為，或□未確實執行"
